{
  "preventPokemonDamageInPasture": true,
  "useBlackList": false,
  "damageSourceBlackList": {
    "dragon_breath": false,
    "magic": false,
    "impaling": false,
    "falling_anvil": false,
    "thorns": false,
    "arrow": false,
    "decay": false,
    "incandescence": false,
    "drown": false,
    "out_of_world": false,
    "player_attack": false,
    "crush": false,
    "freeze": false,
    "ink_projectile": false,
    "generic_kill": false,
    "bamboo_spikes": false,
    "unattributed_fireball": false,
    "ripping": false,
    "falling_stalactite": false,
    "fan_lava": false,
    "campfire": false,
    "cuckoo_surprise": false,
    "evisceration": false,
    "in_fire": false,
    "slingshot": false,
    "xp_extracting": false,
    "indirect_magic": false,
    "stalagmite": false,
    "thrown": false,
    "shooting_star": false,
    "run_over": false,
    "sonic_boom": false,
    "in_wall": false,
    "moonstone_strike": false,
    "boiling": false,
    "hot_floor": false,
    "dragonrot": false,
    "bomb_explosion": false,
    "primordial_fire": false,
    "floatblock": false,
    "mob_projectile": false,
    "snapping_ivy": false,
    "player_cannonball": false,
    "lightning_bolt": false,
    "sweet_berry_bush": false,
    "falling_coconut": false,
    "potato_cannon": false,
    "starve": false,
    "fireworks": false,
    "mechanical_roller": false,
    "sleep": false,
    "deadly_poison": false,
    "lava": false,
    "mob_attack": false,
    "fall": false,
    "cannonball": false,
    "mechanical_drill": false,
    "cactus": false,
    "mechanical_saw": false,
    "irradiance": false,
    "wind_charge": false,
    "player_explosion": false,
    "fireball": false,
    "mob_attack_no_aggro": false,
    "bad_respawn_point": false,
    "cramming": false,
    "trident": false,
    "wither_skull": false,
    "poison": false,
    "on_fire": false,
    "sting": false,
    "midnight_solution": false,
    "generic": false,
    "player_bomb_explosion": false,
    "explosion": false,
    "falling_block": false,
    "bristle_sprouts": false,
    "set_health": false,
    "outside_border": false,
    "stove_burn": false,
    "fan_fire": false,
    "dry_out": false,
    "kindling_cough": false,
    "fly_into_wall": false,
    "dike_gate": false,
    "wither": false,
    "spit": false
  }
}