{
    "ModSettings": {
        "highlight_foused_items": {
            "value": false
        },
        "enable_profiles": {
            "value": false
        },
        "enable_lock_slots": {
            "value": false
        },
        "enable_auto_refill": {
            "value": false
        },
        "villager_trading_enable": {
            "value": false
        },
        "first_run": false
    },
    "GuiSettings": {
        "inventory_overlay_buttons_visible": {
            "value": false
        },
        "enable_profiles_ui": {
            "value": false
        },
        "enable_inventory_buttons": {
            "value": false
        }
    },
    "Hotkeys": {
        "sort_inventory": {
            "main": {
                "keys": "BUTTON_5"
            }
        }
    }
}