{
  "tmMovesLearnable": true,
  "eggMovesLearnable": true,
  "tutorMovesLearnable": true,
  "levelMovesLearnable": false,
  "primaryTypeMovesLearnable": false,
  "secondaryTypeMovesLearnable": false,
  "legacyMovesLearnable": false,
  "specialMovesLearnable": false,
  "anyMovesLearnableTMs": false,
  "anyMovesLearnableTRs": false,
  "blankTMsUsable": true,
  "blankTRsUsable": true,
  "tmsUsable": true,
  "trsUsable": true,
  "tmCoolDownTicks": 0,
  "blankTMCooldownTicks": 0,
  "blankTMBaseDurability": 1,
  "tmBaseDurability": 32,
  "tmRepairable": true,
  "trStackSize": 16,
  "dropOutsideOfBattle": true,
  "dropInBattle": true,
  "dropRateInBattle": 0.1,
  "dropRateTMFractionInBattle": 0.1,
  "dropRateOutsideOfBattle": 0.1,
  "dropRateTMFractionOutsideOfBattle": 0.1,
  "numberOfMovesToChooseFromInBattle": 4,
  "numberOfMovesToChooseFromOutsideBattle": 1,
  "dropAnyMove": false,
  "dropPrimaryType": false,
  "dropSecondaryType": false,
  "dropFromLevelList": true,
  "dropAnyLevelMoveFromLevelList": false,
  "dropFromTmMoveList": true,
  "dropFromTutorMoveList": true,
  "dropFromEggMoveList": true,
  "dropFromLegacyMoveList": false,
  "dropFromSpecialMoveList": false,
  "allowCustomMovesAndEditing": false
}