{
  "version": 1,
  "particle": {
    "particleLimit": 16384,
    "removeIfMissedTick": false,
    "particleLightCache": true,
    "cullUnderwaterParticleType": true
  },
  "tick": {
    "animationTickMode": "INTERRUPTIBLE",
    "particleTickMode": "INTERRUPTIBLE",
    "tickWeatherAsync": true,
    "deferredTextureTick": true,
    "failPerSecLimit": 5,
    "failBehavior": "RAISE_CRASH",
    "suppressCME": false,
    "syncParticleClasses": []
  },
  "rendering": {
    "particleCulling": "SPHERE",
    "particleRenderingMode": "DELAYED",
    "cullWeathers": true,
    "failPerSecLimit": 20,
    "failBehavior": "MARK_AS_SYNC",
    "syncParticleClasses": [
      "com.lootbeams.VFXParticle",
      "ovh.corail.tombstone.particle.ParticleCasting",
      "ovh.corail.tombstone.particle.ParticleGhost",
      "ovh.corail.tombstone.particle.ParticleGraveSoul",
      "ovh.corail.tombstone.particle.ParticleMagicCircle",
      "ovh.corail.tombstone.particle.ParticleMarker",
      "ovh.corail.tombstone.particle.ParticleRounding",
      "concerrox.effective.particle.SplashParticle",
      "org.ladysnake.effective.particle.SplashParticle",
      "net.mehvahdjukaar.dummmmmmy.client.DamageNumberParticle"
    ]
  },
  "valkyrienSkies": {
    "rainEffect": "STATIONARY",
    "fixParticleLights": true
  },
  "create": {
    "rainEffect": "STATIONARY"
  },
  "cooParticlesAPI": {
    "tickMode": "ASYNC_IN_PARALLEL"
  }
}