{
  "layers": {
    "create:blueprint": {
      "displacement": {
        "x": 0,
        "y": 0
      },
      "direction": {
        "x": "NONE",
        "y": "NONE"
      },
      "sync": "create:blueprint"
    },
    "create:goggle_info": {
      "displacement": {
        "x": 0,
        "y": 0
      },
      "direction": {
        "x": "NONE",
        "y": "NONE"
      },
      "sync": "create:goggle_info"
    },
    "create:linked_controller": {
      "displacement": {
        "x": 0,
        "y": 0
      },
      "direction": {
        "x": "NONE",
        "y": "NONE"
      },
      "sync": "create:linked_controller"
    },
    "create:remaining_air": {
      "displacement": {
        "x": 0,
        "y": 0
      },
      "direction": {
        "x": "NONE",
        "y": "NONE"
      },
      "sync": "create:remaining_air"
    },
    "create:schematic": {
      "displacement": {
        "x": 0,
        "y": 0
      },
      "direction": {
        "x": "NONE",
        "y": "NONE"
      },
      "sync": "create:schematic"
    },
    "create:toolbox": {
      "displacement": {
        "x": 0,
        "y": 0
      },
      "direction": {
        "x": "NONE",
        "y": "NONE"
      },
      "sync": "create:toolbox"
    },
    "create:track_placement": {
      "displacement": {
        "x": 0,
        "y": 0
      },
      "direction": {
        "x": "NONE",
        "y": "NONE"
      },
      "sync": "create:track_placement"
    },
    "create:train_hud": {
      "displacement": {
        "x": 0,
        "y": 0
      },
      "direction": {
        "x": "NONE",
        "y": "NONE"
      },
      "sync": "create:train_hud"
    },
    "create:value_settings": {
      "displacement": {
        "x": 0,
        "y": 0
      },
      "direction": {
        "x": "NONE",
        "y": "NONE"
      },
      "sync": "create:value_settings"
    },
    "databank:debug": {
      "displacement": {
        "x": 0,
        "y": 0
      },
      "direction": {
        "x": "NONE",
        "y": "NONE"
      },
      "sync": "databank:debug"
    },
    "datanessence:pings": {
      "displacement": {
        "x": 0,
        "y": 0
      },
      "direction": {
        "x": "NONE",
        "y": "NONE"
      },
      "sync": "datanessence:pings"
    },
    "farmersdelight:comfort": {
      "displacement": {
        "x": 0,
        "y": 0
      },
      "direction": {
        "x": "NONE",
        "y": "NONE"
      },
      "sync": "farmersdelight:comfort"
    },
    "farmersdelight:food_offset": {
      "displacement": {
        "x": 0,
        "y": 0
      },
      "direction": {
        "x": "NONE",
        "y": "NONE"
      },
      "sync": "farmersdelight:food_offset"
    },
    "farmersdelight:health_offset": {
      "displacement": {
        "x": 0,
        "y": 0
      },
      "direction": {
        "x": "NONE",
        "y": "NONE"
      },
      "sync": "farmersdelight:health_offset"
    },
    "farmersdelight:nourishment": {
      "displacement": {
        "x": 0,
        "y": 0
      },
      "direction": {
        "x": "NONE",
        "y": "NONE"
      },
      "sync": "farmersdelight:nourishment"
    },
    "minecraft:bossbar": {
      "displacement": {
        "x": 0,
        "y": 0
      },
      "direction": {
        "x": "NONE",
        "y": "DOWN"
      },
      "sync": "minecraft:bossbar"
    },
    "minecraft:chat": {
      "displacement": {
        "x": 0,
        "y": 0
      },
      "direction": {
        "x": "NONE",
        "y": "UP"
      },
      "sync": "minecraft:chat"
    },
    "minecraft:effects": {
      "displacement": {
        "x": 0,
        "y": 0
      },
      "direction": {
        "x": "LEFT",
        "y": "DOWN"
      },
      "sync": "minecraft:effects"
    },
    "minecraft:hotbar": {
      "displacement": {
        "x": 0,
        "y": 13
      },
      "direction": {
        "x": "NONE",
        "y": "UP"
      },
      "sync": "minecraft:hotbar"
    },
    "minecraft:other": {
      "displacement": {
        "x": 0,
        "y": 0
      },
      "direction": {
        "x": "NONE",
        "y": "NONE"
      },
      "sync": "minecraft:other"
    },
    "minecraft:players": {
      "displacement": {
        "x": 0,
        "y": 0
      },
      "direction": {
        "x": "NONE",
        "y": "DOWN"
      },
      "sync": "minecraft:players"
    },
    "minecraft:sidebar": {
      "displacement": {
        "x": 0,
        "y": 0
      },
      "direction": {
        "x": "LEFT",
        "y": "NONE"
      },
      "sync": "minecraft:sidebar"
    },
    "minecraft:subtitles": {
      "displacement": {
        "x": 0,
        "y": 0
      },
      "direction": {
        "x": "LEFT",
        "y": "UP"
      },
      "sync": "minecraft:subtitles"
    },
    "minecraft:titles": {
      "displacement": {
        "x": 0,
        "y": 0
      },
      "direction": {
        "x": "NONE",
        "y": "NONE"
      },
      "sync": "minecraft:titles"
    },
    "minecraft:toasts": {
      "displacement": {
        "x": 0,
        "y": 0
      },
      "direction": {
        "x": "LEFT",
        "y": "DOWN"
      },
      "sync": "minecraft:toasts"
    },
    "modonomicon:multiblock_hud": {
      "displacement": {
        "x": 0,
        "y": 0
      },
      "direction": {
        "x": "NONE",
        "y": "NONE"
      },
      "sync": "modonomicon:multiblock_hud"
    },
    "pastel:player_dike": {
      "displacement": {
        "x": 0,
        "y": 0
      },
      "direction": {
        "x": "NONE",
        "y": "NONE"
      },
      "sync": "pastel:player_dike"
    },
    "shouldersurfing:post_crosshair": {
      "displacement": {
        "x": 0,
        "y": 0
      },
      "direction": {
        "x": "NONE",
        "y": "NONE"
      },
      "sync": "shouldersurfing:post_crosshair"
    },
    "shouldersurfing:pre_crosshair": {
      "displacement": {
        "x": 0,
        "y": 0
      },
      "direction": {
        "x": "NONE",
        "y": "NONE"
      },
      "sync": "shouldersurfing:pre_crosshair"
    },
    "starcatcher:fish_tracker": {
      "displacement": {
        "x": 0,
        "y": 0
      },
      "direction": {
        "x": "NONE",
        "y": "NONE"
      },
      "sync": "starcatcher:fish_tracker"
    },
    "supplementaries:cannon_charge": {
      "displacement": {
        "x": 0,
        "y": 0
      },
      "direction": {
        "x": "NONE",
        "y": "NONE"
      },
      "sync": "supplementaries:cannon_charge"
    },
    "supplementaries:selectable_container_item": {
      "displacement": {
        "x": 0,
        "y": 0
      },
      "direction": {
        "x": "NONE",
        "y": "NONE"
      },
      "sync": "supplementaries:selectable_container_item"
    },
    "supplementaries:slimed": {
      "displacement": {
        "x": 0,
        "y": 0
      },
      "direction": {
        "x": "NONE",
        "y": "NONE"
      },
      "sync": "supplementaries:slimed"
    },
    "xaerohud:hud": {
      "displacement": {
        "x": 0,
        "y": 0
      },
      "direction": {
        "x": "NONE",
        "y": "NONE"
      },
      "sync": "xaerohud:hud"
    },
    "xaeroworldmap:crosshair_message": {
      "displacement": {
        "x": 0,
        "y": 0
      },
      "direction": {
        "x": "NONE",
        "y": "NONE"
      },
      "sync": "xaeroworldmap:crosshair_message"
    }
  },
  "resource": {
    "texture": "AUTO"
  }
}